{"cameraMode":{"drawMode":0,"name":"Shaded","section":"Shading Mode"},"sceneLighting":true,"audioPlay":false,"sceneViewState":{"showFog":true,"showMaterialUpdate":false,"showSkybox":true,"showFlares":true,"showImageEffects":true,"showParticleSystems":true},"in2DMode":false,"pivot":{"x":0.11482688039541245,"y":-9.730999946594239,"z":2.0668489933013918},"rotation":{"x":-0.4011431932449341,"y":-0.016707777976989747,"z":0.007371657062321901,"w":-0.9159038662910461},"size":21.217178344726564,"orthographic":false}